Number,Teamname
1678,Citrus Circuits
1323,MadTown Robotics
3005,RoboChargers
6328,Mechanical Advantage
2056,OP Robotics
1690,Orbit
1796,RoboTigers
1771,North Gwinnett Robotics
254,The Cheesy Poofs
1756,Argos
1706,Ratchet Rockers
604,Quixilver
2910,Jack in the Bot
4414,HighTide
5940,BREAD
4613,Barker Redbacks
3478,PrepaTec - LamBot
3467,Windham Windup
9483,İstanbul Wildcats
359,Hawaiian Kids
368,Team Kika Mana
3847,Spectrum -△◅
2075,Enigma Robotics
1778,Chill Out
2974,Walton Robotics
1731,Fresta Valley Robotics Club
2767,Stryke Force
987,HIGHROLLERS
5460,Strike Zone
4391,BraveBots
4362,CSPA Gems
125,NUTRONs
2481,Roboteers
27,Team RUSH
114,Eaglestrike
4635,PrepaTec - Botbusters
6800,Valor
33,Killer Bees
3683,Team DAVE
5712,Hemlock's Gray Matter
4766,Team SCREAM Jr.
6329,The Bucks' Wrath
2539,Krypton Cougars
7769,The CREW
2200,MMRambotics
4481,Team Rembrandts
1261,Robo Lions
2054,Tech Vikes
2642,Pitt Pirates
3276,TOOLCATS
3538,RoboJackets
3663,CPR - Cedar Park Robotics
9496,Lynk
180,S.P.A.M.
4522,Team SCREAM
449,The Blair Robot Project
5813,Morpheus
2811,StormBots
5687,The Outliers
103,Cybersonics
1807,Redbird Robotics
133,B.E.R.T.
7407,Wired Boars
1676,The Pascack PI-oneers
581,Blazing Bulldogs
2590,Nemesis
2521,SERT
2046,Bear Metal
7457,suPURDUEper Robotics
8013,Boston Lions
131,CHAOS
6672,Fusion Corps
1701,RoboCubs
6459,AG Robotik
5895,Peddie Robotics
5951,Makers Assemble
176,Aces High
118,Robonauts
7021,TC Robotics
1114,Simbotics
3061,Huskie Robotics
1787,The Flying Circuits
8044,Denham Venom
4039,MakeShift Robotics
1591,Greece Gladiators
694,StuyPulse
5436,Cyber Cats
353,POBots
1699,Robocats
2468,Team Appreciate
7028,Binary Battalion
4206,Robo Vikes
3173,IgKnighters
5804,TORCH
9128,ITKAN Robotics
4499,The Highlanders
4230,TopperBots
4607,C.I.S.
6443,AEMBOT
4795,Eastbots
8608,Alpha Bots
1683,Techno Titans
2713,Red Hawk Robotics
1577,Steampunk
3339,BumbleB
88,TJ²
4028,The Beak Squad
4476,W.A.F.F.L.E.S.
1318,Issaquah Robotics Society
1391,The Metal Moose
1325,Inverse Paradox
3357,COMETS
1987,Broncobots
3539,Byting Bulldogs
1816,"The Green Machine"""""
8033,Highlander Robotics
3310,Black Hawk Robotics
1477,Texas Torque
2129,Ultraviolet
4946,The Alpha Dogs
111,WildStang
1727,REX
2122,Team Tators
9752,ITKAN Robotics Jr
3572,Wavelength
3314,Mechanical Mustangs
2614,Mountaineer Area RoboticS (...
1732,Hilltopper Robotics
1156,Under Control
3070,Team Pronto 3070
1768,Nashoba Robotics
4611,OZone Robotics
9084,Octobots
78,AIR STRIKE
2145,HAZMATS
1189,Gearheads
1923,The MidKnight Inventors
868,TechHOUNDS
9401,Midas' Mayhem
3175,Knight Vision
3604,Goon Squad
5152,Alotobots
3937,Breakaway
5419,Berkelium
2522,Royal Robotics
6619,GravitechX
6090,Wayland Wildcats
4678,CyberCavs
841,The BioMechs
876,Thunder Robotics
1501,Team THRUST
9442,Miso Mechanics
360,The Revolution
4738,Patribots
910,The Foley Freeze
5406,Celt-X
2959,Robotarians
687,The Nerd Herd
4400,Cerbotics - Peñoles
16,Bomb Squad
5809,The Jesubots 5809
7763,Carrborobotics
836,The RoboBees
59,RamTech
6081,Digital Dislocators
67,The HOT Team
2611,Jacktown Vectors
195,CyberKnights
624,CRyptonite
148,Robowranglers
829,The Digital Goats
4043,NerdHerd
9023,Future Martians
5472,The Wyld Stallyns
4451,ROBOTZ Garage
6147,Tonkabots
1058,PVC Pirates
2659,RoboWarriors
2338,Gear It Forward
5907,CC Shambots
3414,Hackbots
5934,Crowbotics
6036,Peninsula Robotics
1506,Metal Muscle
179,Children of the Swamp
177,Bobcat Robotics
4976,Revolt Robotics
9312,NERD Spark
9072,TigerBots
343,Metal-In-Motion
6002,ZooBOTix
9408,Warbots
3006,Red Rock Robotics
4143,MARS/WARS
1718,The Fighting Pi
1574,MisCar
2067,Apple Pi
4152,Hoya Robotics
316,LUNATECS
341,Miss Daisy
461,Westside Boiler Invasion
2231,OnyxTronix
2530,Inconceivable
5166,Fabricators
1540,Flaming Chickens
4728,ROCORI Ratcheteers
1629,Garrett Coalition (GaCo)
2930,Sonic Squirrels
3201,Ross Rambotics
325,Respawn Robotics
1710,The Ravonics Revolution
2877,LigerBots
5199,Robot Dolphins From Outer S...
1403,Team 1403 Cougar Robotics
1023,Bedford Express
1741,Red Alert
9098,FireHawks
5801,CTC Inspire
2357,System Meltdown
3676,Redshift Robotics
5557,BB-R8ERS
7558,ALT-F4
1148,Harvard Westlake Robotics
3322,Eagle Evolution
2630,Thunderbolts
2052,KnightKrawler
5614,Team Sycamore
7157,μBotics
4270,Crusaders
2471,Team Mean Machine
2485,W.A.R. Lords
3656,Dexter Dreadbots
857,Superior Roboworks
1730,Team Driven
2601,Steel Hawks
3950,RoboGym Robotics
4779,RoboSapiens
9609,Paraducks
2607,The Fighting RoboVikings
8011,Guangzhou Wayi
4272,Maverick Robotics
2073,EagleForce
3161,Tronic Titans
85,B.O.B. (Built on Brains)
4450,Olympia Robotics Federation
548,Robostangs
4130,The Blue Devils
6919,The Commodores
3767,TC Titans
245,Adambots
971,Spartan Robotics
5010,Tiger Dynasty
7197,Mountie Megabots
9535,The Knack
1538,The Holy Cows
3015,Ranger Robotics
5675,WiredCats
8517,Bounty Hunters
1076,Pi Hi Samurai
1747,Harrison Boiler Robotics
3476,Code Orange
670,Homestead Robotics
422,The Mech Tech Dragons
1922,Oz-Ram
3647,Millennium Falcons
4698,Raider Robotics
818,The Steel Armadillos
2194,Fondy Fire
4907,Thunderstamps
1468,Hicksville J-Birds
8727,Glitch 2.0
166,Chop Shop
2443,Blue Thunder
4063,TriKzR4Kidz
8613,Barker RedBbacks
1714,MORE Robotics
498,The Cobra Commanders
4237,Team Lance-A-Bot
292,PantherTech
3128,The Aluminum Narwhals
1294,Pack of Parts
4564,Orange Chaos
7226,Error 404
930,Mukwonago BEARs
216,More RoboDawgs
972,Iron Claw
1781,Lindblom Electric Eagles
4917,Sir Lancerbot
5735,Control Freaks
4967,That ONE Team-OurNextEngineers
3620,Average Joes
1153,Timberwolves
862,Lightning Robotics
610,Crescent Coyotes
6424,Stealth Panther Robotics
3729,The Raiders
2370,IBOTS
870,TEAM R. I. C. E.
1025,Impi Robotics
6366,RAM Rodz Robotics
3506,YETI Robotics
7426,PAIR OF DICE ROBOTICS
108,SigmaC@T Robotics Team
5484,Career Academy Robotics - W...
3940,CyberTooth
5817,Uni-Rex
4342,Demon Robotics
7762,AutoPilots
4405,The Atoms Family
5414,Pearadox
8873,Rockefeller Robotics
1414,IHOT
4539,KAOTIC Robotics
2992,The S.S. Prometheus
5338,ACL RoboLoCo
5409,Chargers
7421,PrepaTec - OVERTURE
2869,Regal Eagles
1218,SCH Robotics
3075,Ha-Dream Team
4998,TESLA
558,Elm City Robo Squad
6995,NOMAD
1561,ROBODUCKS
5847,Ironclad
8576,Golden Warriors Robotics
8806,Our Lady of Providence Drea...
7451,AvengerRobotics
1168,Malvern Robotics
7174,Charger Robotics
492,Titan Robotics Club
6947,Savage Tumaz
7056,The F.A.S.T. Team - Fowlerv...
231,High Voltage
379,The RoboCats
3655,Tractor Technicians
3641,The Flying Toasters
3419,RoHawks
4909,Bionics
3603,Cyber Coyotes
3136,Official Robotics Construct...
4020,Cyber Tribe
5024,Raider Robotics
5216,E-Ville Empire
2582,PantherBots
8122,Mechanical Mustaches
4646,Wildcard Robotics
8103,Knight Robotics
3637,The Daleks
2823,The Automatons
5114,Titanium Tigers
2383,Ninjineers
3707,TechnoDogs
5013,Trobots
3990,Tech for Kids
5667,The Digital Eagles
5172,Gators
4421,FORGE Robotics
2470,Team BJORG
4509,Mechanical Bulls
1740,Cyber Colonels
7312,T3
3245,Ravens
2926,Robo Sparks
3130,The ERRORs
115,MVRT
865,WARP7
3534,House of Cards
973,Greybots
2337,EngiNERDs
3630,Stampede
1305,Ice Cubed
2102,Team Paradox
2106,The Junkyard Dogs
4415,EPIC Robotz
9036,Ramen Robotics
2557,SOTAbots
2491,NoMythic
236,Techno-Ticks
503,Frog Force
2830,Riverside RoboTigers
5811,BONDS
3546,Buc'n'Gears
1507,Warlocks
597,The Wolverines
9443,Aluminum Panthers
3132,Thunder Down Under
51,Wings of Fire
5851,Striking Vikings
1640,Sab-BOT-age
5885,Villanova WiredCats
8570,Binary-Bolts Aditya Birla W...
8085,MOJO
4285,Camo-Bots
6517,So-Kno Robo
5822,WolfByte
4107,Team Storm
4500,RoboHounds
6978,QuickStrike Niagara
70,More Martians
9418,Pastabots
2252,The Mavericks
302,The Dragons
48,Team E.L.I.T.E.
9452,LHS Steel Stingers
4392,The Deceivers
8513,Sisters 1st
7166,Red Thunder Robotics
456,Siege Robotics
6933,Archytas
2718,Team OKC e'possums (Σ 1/n! ...
3928,Team Neutrino
1250,Gator-Bots
2714,♨️ BBQ ♨️
8738,Slice
1657,Hamosad
1388,Eagle Robotics
1736,Robot Casserole
122,NASA Knights
5684,Iron Mechs
8592,Newton²
6340,The Marist Manatees
5458,Digital Minds
2706,Merge Robotics
424,Rust Belt Robotics
5530,The Greenhills Lawnmowers
100,The Wildhats
5181,Explorer Robotics
5990,TRIGON
2851,Crevolution
234,Cyber Blue
1595,The Dragons
2881,Lady Cans
935,RaileRobotics
2288,Hydra Robotics
1024,Kil-A-Bytes
1986,Team Titanium
7454,Huskies on Hogs
2403,Plasma Robotics
427,LANCE-A-LOT
686,Bovine Intervention
1102,M'Aiken Magic
7525,Pioneers
620,Warbots
1296,Full Metal Jackets
2137,The Oxford RoboCats
5431,Titan Robotics
1208,Metool Brigade
3501,Firebots
3146,GRANBY GRUNTS
1405,Finney Falcons
1108,Panther Robotics
2648,Infinite Loop
4099,The Falcons
4048,Redshift
144,Operation Orange
399,Eagle Robotics
4329,Lutheran Roboteers
8709,Pathfinder Tech
1410,The Kraken
4828,RoboEagles
6017,PrepaTec - Cyberius + Abtom...
5827,Code Purple
4488,Shockwave
6941,IronPulse Robotics
494,Martians
6647,PrepaTec - VOLTEC Robotics
4920,Belle River Boltheads
2386,Trojans
8088,Bionic Panthers
3494,The Quadrangles
5144,LISD TECHnicians
9406,TechJunior
58,The Riot Crew
68,Truck Town Thunder
4381,Twisted Devils
1729,Team Inconceivable!
4982,Olympus Robotics
2240,Brute Force
226,Hammerheads
3674,CloverBots
8096,Cache Money
7617,RoboBlazers
9136,Rampage
93,NEW Apple Corps
4458,Infernobotix
5676,The H.E.R.O.E.S
3255,SuperNURDs
2722,Charge Robotics
1241,THEORY6
4125,Confidential
9094,The Earthquakers
2935,NACI Robotics
9432,Team 8-Bit
5912,Heritage Robotics
5411,RoboTalons
9140,The Robobots
555,Montclair Robotics
999,MechaRAMS
4388,Ridgebotics
6569,Gladiators
5736,Kingsmen Robotics
4336,Ramageddon Robotics
1899,Saints Robotics
4122,Ossining O-Bots
888,Robotiators
6369,Mercenary Robotics
6528,Terror Bytes
3309,Friarbots
840,Aragon Robotics Team
5422,Stormgears FRC
3293,OtterBots
6300,Northwood School Robotics
2634,The Gryphons
6968,Team Pi
8841,OTTER
7539,Dhirubhai Ambani Internatio...
9062,Critical Circuits
3196,Team SPORK
7039,❌⭕
1285,The Biggest Birds
3835,Vulcan
3648,Sparta Robotica
6377,Howdy Bots
7042,Poly Rabbotics
219,Team Impact 219
4343,MaxTech
175,Buzz Robotics
272,Cyber Crusaders
3882,Lunas
931,Perpetual Chaos
2584,Flame of The West
5584,ICRobotics
1100,Inverse Polarity
1622,Team Spyder
340,G.R.R. (Greater Rochester R...
9642,I.N.T. Robotics
222,Tigertrons
5719,Pink Titans
1493,Falcons
3045,Gear Gremlins
1155,SciBorgs
6423,Ward Melville Iron Patriots
4774,The Drop Bears
5126,Electromagnetic Panthers (E...
1625,Winnovation
4469,R.A.I.D. (Raider Artificial...
7257,Semiconductors
7154,TheROK
3193,Falco Tech
8802,Milwaukee United
8808,SWLA Tech Pirates
4546,Shockwave
365,Miracle Workerz
2720,Red Watch Robotics
4403,PrepaTec - ROULT - Peñoles
3256,WarriorBorgs
4786,Nicolet FEAR
4533,Phoenix
1089,Team Mercury
2465,KauaiBots
4145,WorBots 4145
6802,Mean Caimans
5572,ROSBOTS
4188,Columbus Space Program
801,Horsepower
8159,Golden Horn
4027,Centre Punch
294,Beach Cities Robotics
8581,PizzaByte Robotics
1937,Elysium
8884,Knight Owls
1785,Blue Springs Robocats
696,Circuit Breakers
6731,Record Robotics
1086,Blue Cheese
6639,The Mechanical Minds
4068,Bearbotics
9785,9785
467,Colonials
6114,Hamilton CyberHawks
1599,CircuiTree
4065,Nerds of Prey
4467,Titanium Titans
2135,Presentation Invasion
7848,WI-FIghterz
244,RoboDawgs 3D
8081,UMEI Lightning Robotics
4682,CyBears
2996,Cougars Gone Wired
6560,Charging Champions
6894,Iced Java
2373,The Crickets
3926,MPArors
135,Penn Robotics Black Knights
6911,SO BOTZ
45,TechnoKats Robotics Team
8725,MistyPanther
6413,Degrees of Freedom
2228,CougarTech
3184,Blaze Robotics
346,RoboHawks
6223,Arsenal Engineering
6121,RoboVikes
2429,La Cañada Engineering Club
1983,Skunk Works Robotics
3218,Panther Robotics
781,Kinetic Knights
8814,Blackhole
5903,ThorBots
695,Bison Robotics
6838,X-SHARC
1684,The Chimeras
2638,Rebel Robotics
9410,PowerHouse
1912,Team Combustion
5843,Flurb
2945,Steel Mustangs
9092,Tower Robotics
4536,MinuteBots
1425,Error Code Xero
4141,Monarch Robotics
9016,Syosset Robotics
3039,Wildcat Robotics
894,The Power Chargers
1764,Liberty Robotics
324,Chips
3464,Sim-City
7414,RetroRobotics
6150,BlueBotics 6150
3799,Electric Fire
1209,Robo Hornets
9015,Questionable Engineering
3616,Team Phenomena 3616
5587,Titan Robotics
1038,Lakota Robotics
6615,Bellevillains
230,Gaelhawks
2905,Sultans of Turkiye
5084,Team FridgeBot
190,Gompei and the H.E.R.D.
5612,Robo-Raptors
5715,DRC
5348,Charger Robotics
1481,The Riveters
6498,Castle Robotics
8048,East Palo Alto Churrobots
3171,HURRICANES
2834,Bionic Black Hawks
3373,Team RoboHawk
1711,RAPTORS
2876,DevilBotz
3487,Red Pride Robotics
7501,Golden Gears
488,Team XBOT
5892,Energy HEROs
2586,Copper Bots
4201,The Vitruvian Bots
4663,Cyber Tigers
2702,Rebels
2197,Las Pumas
7768,The AutoMatons
2883,F.R.E.D (FIRST Robotics Eng...
329,Mohawks
6657,Arborbotics
539,Titan Robotics
5690,SubZero Robotics
810,The Mechanical Bulls
2083,Team Blitz
172,Northern Force
9208,Eddies Circuit
3688,Norsemen
4112,EagleBots
9032,RoboWhales
1287,Aluminum Assault
5638,JukeBots
6217,Bomb-Botz
5090,TorqueNados
314,The Megatron Oracles
619,Cavalier Robotics
815,Advanced Power
6045,Sabre Robotics
3504,Girls of Steel
4004,M.A.R.S. Rovers
5665,SPARC
386,Team Voltage
6548,Perry RAMBOTS
2826,Wave Robotics
2854,The Prototypes
31,Prime Movers
7782,Wolverine Circuit Breakers
6948,EAGLES
4009,Duluth DNA Robotics
4180,Iron Riders
6146,Blackjacks
9176,Greenspire Steel Sturgeons
5434,Falcon Robotics
7178,Yeti
4079,Quantum Leap
5424,Rogue Robots
5401,Fightin' Robotic Owls
716,Who'sCTEKS
7522,Make 1 Robot
587,The Hedgehogs
5256,Atomics
173,RAGE Robotics ⚙️
3635,Flying Legion
1515,MorTorq
74,Team CHAOS
56,R.O.B.B.E.
649,MSET Fish
2847,The MegaHertz
2928,Viking Robotics
3277,ProDigi
8575,The Due Westerners
5842,Royal Robotics
4176,Iron Tigers
6220,The Golden Griffins
8729,Sparkling H2O
319,Big Bad Bob
7211,Hollywood
2363,Triple Helix Robotics
2168,Aluminum Falcons
2202,BEAST Robotics
3142,Aperture
4905,Andromeda One
5026,Iron Panthers
5927,Globetrotters
8744,Leviathans
2987,Rogue Robotics
8612,Calvin Christian Robotics
2207,Bright Bears
7712,ACCN UMOJA
8286,Farwell Robotics
7103,Robo Remedy @ Mantiowoc Lut...
107,Team R.O.B.O.T.I.C.S.
967,Iron Lions
2658,Σ-Motion
6429,4th Dimension
2620,Titans
2609,BeaverworX
2415,WiredCats
3739,Oakbotics
7433,Iona Fusion
3260,SHARP
6326,⚡ Baltimore Bolts ⚡
834,SparTechs
4550,Something's Bruin
1671,Buchanan Bird Brains
6907,The G.O.A.T
8825,Team Eagle Eyed
3749,Team Optix
6175,EVW Mystery Machine
2495,Hive Mind
3984,Topper Robotics
6921,Technados
4641,TALON inc.
5232,Talons
6421,WarriorBots
3484,Short Circuit
7415,Jaguar Robotics Sponsored B...
573,Mech Warriors
1197,TorBots
5550,BRONChO BOTS
8567,Team Ultraviolet
157,AZTECHS
6510,Pymble Pride
3160,F. R. O. G. - FIRST Robotic...
4069,Lo-Ellen Robotics
2438,Iobotics
469,Las Guerrillas
6709,Spudinc Big Lake Robotics
6962,Antares
8,Paly Robotics
2509,Tigerbots
3181,Pittsford Panthers
401,Copperhead Robotics
5948,PrepaTec - Lebotics
9597,Luban Robotics
9105,TechnoTalons
11,MORT
3735,VorTX
7565,SESI SENAI ROBONATICOS
7660,The Byting Irish
5427,Steel Talons
1811,FRESH
8069,Super Hornets
525,Swartdogs
3459,Team PyroTech
4121,Viking Robotics
7444,MOON STAR ROBOTICS
3654,TechTigers
3737,Roto Raptors
3970,Duncan Dynamics
86,Team Resistance
1511,Rolling Thunder
4183,Bit Buckets
5459,Ipswich TIGERS
2872,CyberCats
6418,The Missfits
7034,2B Determined
223,Xtreme Heat
8214,Cyber Unicorn
1,The Juggernauts
5525,Alcona Tool Cats
7616,Cerberus
9692,Sigma
9067,The Goonies
3182,Athena's Warriors
2084,Robots by the C
4778,Stormbots
3536,Electro Eagles
4765,PWRUP
5567,Code Red Robotics
5603,The WarriorBots
9644,NEIA Robotics
3211,The Y Team
126,Gael Force
2283,Panteras
5041,CyBears
6729,RobCoBots
4926,GalacTech
7632,An Kang Robotics Maker
3297,Full Metal Jackets
6740,G3 - Glue Gun & Glitter
4419,Team Rewind
2704,Roaring Robotics
3875,Red Storm Robotics
418,Purple Haze
8089,Rockway Robotics
1675,UPS (Ultimate Protection Sq...
3023,STARK Industries
5067,Steiner Steel Storm
8188,Grand Force
2473,Goldstrikers
4265,Secret City Wildbots
6364,Ten Ton Robotics
4561,TerrorBytes
7431,Wingspan
2603,Steel Stingers
6026,Tiger Strike
3206,Royal T-Wrecks
3176,Purple Precision
4829,Titanium Tigers
772,Sabre Bytes Robotics
4947,Fenix
7121,Keller Fusion Robotics
281,The GreenVillains
2412,Robototes
6391,Ursuline Bearbotics
6381,Red Raider Robotics
2689,Team Alpha
5142,Robo Dominators
571,Team Paragon Robotics
7895,Trobots
4322,Clockwork
6662,FalconX
8852,Drew Robotics
1860,Alphabots
4026,Decatur Robotics
5160,Chargers
5700,SOTA Cyberdragons
4531,STEAMpunk
5653,Iron Mosquitos
3102,Tech-No-Tigers
3158,PrepaTec - TECBOT
5534,Onaway Onabots
6346,Cybears Robotics Team
6925,W.A.Robotics
2783,Engineers of Tomorrow
7419,T.E.C.H. Support
3668,TroBots
2175,The Fighting Calculators
509,Red Storm
3003,TAN(X)
3561,RoboRaiders
948,NRG (Newport Robotics Group)
2423,The KwarQs
9237,Swartz Creek Dragonators
5507,Robotic Eagles
9126,Silver Hawks
7068,Mechanical Masterminds
112,Plus One
2771,Code Red Robotics the Stray...
3316,D-Bug
5439,Huskies
247,Da Bears
3996,RIKITIK
1918,NC GEARS
2147,CHUCK
2333,S.C.R.E.E.C.H.
9480,Gear Bears
2848,Rangers
4603,Forza One - Peñoles
123,Team - Cosmos
7605,ASTRO
287,Floyd Robotics
3197,HexHounds
5654,Phoenix
6153,Blue Crew
5402,Wreckless Robotics
7913,"Bear""ly Functioning"""
7520,Team MineKee
3931,Cockadoodle Dominators
4,Team 4 ELEMENT
3452,GreengineerZ
4655,Stateline Robotics
4041,Iron Tigers
3489,Category 5
75,RoboRaiders
8410,Oyster River Overdrive 8410
9576,Loretto Lightning
7058,StrathDroids
8032,Redshift
3065,Jatt High School
3461,Operation PEACCE Robotics
1880,Warriors of East Harlem
3284,Camdenton LASER 3284
9271,Cyber Porpoises
246,Lobstah Bots
1360,Orbit Robotics
6574,Ferradermis
5577,Kinematic Wolves
6985,ENKA TECH.
5987,Galaxia in memory of David ...
1942,Cinderella Tel-Nof
188,Blizzard
2502,Talon Robotics
6570,Whiteford Bobcats
2855,BEASTBOT
5924,Golden Gate Robotics
2096,RoboActive
5660,Symmetrical Chaos
8267,Riptide Robotics 8267
1648,G3 Robotics
2486,CocoNuts
2377,C Company
4192,Jaguar Robotics
3147,Munster Horsepower
3939,Botetourt 4-H Robotics
151,Tough Techs
3618,Petoskey Paladins
4338,Falcons
5188,Area 5188: Classified Robotics
7536,ANKA ROBOTICS
95,Grasshoppers
1708,AMP'D Robotics
2062,CORE 2062
7461,Sushi Squad
8764,Thunder Robotics
8728,Argonauts
8768,CTEC Titans
288,The RoboDawgs
6508,Hastings Heroes
3082,Chicken Bot Pie
2143,Team Tobor
4956,RoboSharks
5554,The Poros Robotics
4255,Robodores
5505,V2 - Volts Squared
714,Panthera
8046,LakerBots
2059,The Hitchhikers
4534,Wired Wizards
7845,8BIT
1334,Red Devils
5137,Iron Kodiaks
6078,RoboRams
1119,Pup Cups
7102,PrepaTec - Daedalus
3883,Data Bits
846,The Funky Monkeys
1533,Triple Strange
6120,CyberStangs
8889,Project W
9008,G-Force Robotics
1596,The Instigators
4239,WARPSPEED
9478,Robo-Colts
3814,PiBotics
7045,MCCrusaders
7790,Baywatch Robotics
6738,Excalibur
3058,ANNDROIDS
5274,Wolverine Robotics
5285,Sea Kings Robotics
201,The FEDS
1351,TKO
2016,Mighty Monkey Wrenches
623,Oakton Cougar Robotics
1902,Exploding Bacon
6343,Steel Ridge Robotics
2457,The Law
839,Rosie Robotics
1262,the STAGS
5474,Clairemonster
5293,Metal Crusaders
6100,MS Mobots
1757,Wolverines
7576,FMWill
3360,Hyperion
6168,alzahrawi
9709,Isotope
5454,Obsidian
2405,Techno Trojans
3853,Pridetronics
8522,SHS - Robos
2852,DM High Voltage
4293,Komodo
6749,tERAbytes
2960,Automation Nation
2531,RoboHawks
7541,Maple River Robotics
1056,Hot Rocks
6743,Tiger Engineering
4639,The RoboSpartans
8724,Mayhem
9245,Laker Dreadnoughts
1822,Loveland New Team
9430,CTEC Robotics
2264,Trojan Robotics
4320,The Joker
5829,AwtyBots
5724,Spartan Robotics
1259,Paradigm Shift
228,GUS
6502,DARC SIDE
6868,Cadet Robotics
1466,Webb Robotics
4980,Canine Crusaders
60,Kingman FIRST Robotics Team...
8404,SKYWALKERS
20,The Rocketeers
1745,The P-51 Mustangs
1288,RAVEN Robotics
8858,Beast from the East
3770,BlitzCreek
871,Robotechs
4253,Raid Zero
6166,Thorobotics
2079,4H ALARM Robotics
2791,Shaker Robotics
2654,Polar Rams
4207,PyroBotics
8326,GDS Mighty Hoppers
9458,SESI SENAI JACTECH
5130,Undercogs
589,Falkon Robotics
3512,Spartatroniks
2506,Saber Robotics
3341,Option 16
191,X-CATS
4361,Roxbotix
9460,SESI SENAI STEEL BULLS
1165,Team Paradise
1967,The Janksters
3602,RoboMos
5275,T.I.M.E.-Bots
3679,rattlers
8084,ALFA ROBOTICS
4903,Mustangs
3488,Eagle Army
8324,MECO Robotics
2846,FireBears
6618,WARHBOTS
3986,Express-O
2183,Tigerbots
5119,Team STEAM
6162,Cap Alpaca 6162
2508,Armada
5056,MegaHurtz Robotics
6358,The Buhlean Operators
4311,Swampscott Currents
1884,Griffins
451,The Cat Attack
4150,FRobotics
8373,The Flying Octopi: 8373 R.R.T.
3880,Tiki Techs
3925,Circuit of Life
4915,Spartronics
8429,Valence Robotics
1825,The Cyborgs
2472,Centurions
8285,Bionic Bulldogs
858,Demons Robotics
2220,Blue Twilight
3454,Z Bots
4473,Delta Prime Robotics 4-H Team
5635,Demacia
7578,Quantum Mechanics
9729,Knights
5528,Ultime
2867,ElkLogics
5913,Patriotics
5889,Commandobots
2399,The Fighting Unicorns
4576,Red Nation Robotics
4422,Twisted Angels
155,The TechnoNuts
9037,HHS Black Ops
6929,Cuivre & Or
6352,LAUNCH TEAM
138,Entropy
3179,The A.N.T.
7067,Team Streak
2342,Team Phoenix
3721,Charger Robotics
3748,Ragnarok Robotics
5816,Gra-V Robotics
2551,Penguin Empire
6861,The Tyros Team
2710,JetStream
5996,R.U.R.
1018,Pike RoboDevils
4776,S.C.O.T.S. Bots
4523,MCROBO
7443,Jag-Wires
9738,Ionic Bond
1339,AngelBotics
5494,Bizarbots Robotics
5553,Robo'Lyon
9604,TUIUTECH
2526,Crimson Robotics
8427,Robo Ravens
1891,Bullbots
1819,The Quacken
3134,The Accelerators
1350,The Rambots
7165,Perkins Pirates
8054,FLARE
9745,Minnewaska Area Robotics
1160,Titanium Robotics
1452,Omnicats
2583,Orange Dynamite
4810,I AM Robot
7460,Avi and Friends
9231,Haydarpasa Panthers
9676,Hub City Robotics
9114,Rotationaries
639,Code Red Robotics
7627,Bearcat Robotics
2013,Cybergnomes
1619,Up-A-Creek Robotics
9551,Tiger
6072,Triton Tech 6072
6067,Underdogs
6087,Cybertronic Lancers
9200,SESI SENAI STARDUST
3658,Robo - Beavers
1126,SPARX 1126
5104,BreakerBots
7022,ACE Robotics
8393,The Giant Diencephalic Brai...
293,SPIKE
4418,Team IMPULSE
6077,Wiking Kujon
6500,GearCats
4944,The Hi Fives
2980,Whidbey Island Wildcats
3468,MAGNAtech
3522,CBoT´S4
1895,Lambda Corps
4089,Stealth Robotics
3140,Flagship
6651,Golden Bots
7677,Bodacious Bulldogs
5883,Spice Gears
4060,Bearcat Robotics
69,HYPER
1188,Ravens
3667,Mecanum Knights
1418,Vae Victis
5464,Bluejacket Robotics
8848,Blu CRU
3323,Potential Energy
8726,CryptoHawks
1099,DiscoTechs
1646,Precision Guessworks
2010,The Lightning Bots
4085,Technical Difficulties
5708,Zebrotics
9485,HYOBOTS
4096,Ctrl-Z
9558,The Steel Vipers
554,The Blue Grease Crew
3018,Nordic Storm
4855,Ramageddon
7200,Banting Memorial high school
4123,Tribe Robotics
6753,CBA RoboKings
323,Lights Out
2977,Sir Lancer Bots
4174,Mustang Robotics
4373,RooBotics
6721,Tindley Trailblazers
5110,Robo Herd
2039,Rockford Robotics
9027,PATH to Domination
2489,The Insomniacs
4003,TriSonics
7289,Blue Eagles
7826,Marquette Zetabotics
1474,Titans
5933,NASA JudgeMent Call
8515,Photon
120,Youth Tech Academy Red Dragons
1310,Runnymede Robotics
4788,Can't Control
7915,Ripon Robotics
1868,Space Cookies
3544,Spartiates
1746,OTTO
6702,PrepaTec - StingBots
5501,Bobcats
5962,perSEVERE
537,Charger Robotics
7111,RAD Robotics
4226,Huskies
9501,Sidereal Envoy
233,The Pink Team
2543,TitanBot
1458,Red Tie Robotics
5535,Bionic Bison
6992,FrancoBots
5610,Turbulence
5492,Winner's Circle Robo Jockey's
6823,USM Robotics - Wildcats
1421,Team CHAOS
5941,Cast Iron Orcas
8005,Mega MeadowBots
9624,Dynamiques Collège Charles-...
2341,Sprockets
4593,Rapid Acceleration
5449,Prototype
6200,PrepaTec - XRAMS
8243,AstroCircuits
1982,Cougar Robotics
5167,Vi-Bots
9182,Tech Tr1be
5533,Electric Horse Power
2972,Gears and Buccaneers
614,Night Hawks
8544,Reinforcement
4375,Westend Gearbusters
1792,Round Table Robotics
4624,Rebel Alliance
2199,Robo-Lions
4256,Cyborg Cats
5000,Hammerheads
7797,Cloquet's RipSaw Robotics
4377,Boyne City Blaze
9603,MTECH
7491,Cyber Soldiers
102,The Gearheads
4541,CAVineers
3598,SEStematic Eliminators
3623,TerrorBots
7188,SaddleBots
4173,IMVERT (Mount Vernon Roboti...
8119,TigerBotics
7531,Servos Strike Back
900,The Zebracorns
2976,The Spartabots
6344,Yale Jiggawattz
9215,T-Town Tech
4276,Surf City Vikings
6152,Robo-Falcons
9585,RobUL
364,Team Fusion 364
1592,Bionic Tigers
3669,CarbonKnights
957,SWARM - South and West Alba...
141,WOBOT
4472,SuperNOVA
4983,IronBots
663,Robonauts
5992,Pirates
9495,TechKnow Difficulties
5109,Gladiator Robotics
3247,Robopack
8019,Patriot Engineering
4187,RoboRams
8430,The Hatch Batch
7436,8-Bit Miners
3200,Raptacon
6645,Alloy Obsession
4011,πρbοtics (Pi Robotics)
9175,BrainMachine-FRC
1939,THE KUHNIGITS
7657,ThunderBots
847,PHRED
1072,Harker Robotics
9566,Red Storm Rookies
3481,Bronc Botz
5740,Trojanators
8177,Vector
9168,AGROBOT
4462,Full Metal Jackets
9260,Built4Bibb Robotics
6004,f(x) Robotics
3574,HIGH TEKERZ
8370,Glow With The Flow
8708,Ov3R1y K0Mp13X
9446,C Cubed
2500,Herobotics
811,Wild Cards
5561,Raider Robotics
6417,Fridolins
3234,Red Arrows
1772,The Brazilian Trail Blazers
4573,Rambotics
5462,2PawR (2Paw Robotics)
6538,Linc-Bots
2165,BisonBots
6722,LED Robotics
2556,RadioActive Roaches
8604,Alpha Centauri
4598,ICARUS INNOVATED
6831,A-05 Annex
7553,OSTC - SWEET BOTS
5705,DESERT EAGLES - JOHN DEERE
321,RoboLancers
5438,Technological Terrors
6060,Circuit Serpents
5910,Supertronix
5837,Unity4Tech
5227,Eagle Elite
2990,Hotwire
1720,PhyXTGears
3792,Army Ants
1546,"Chaos, Inc."
4688,Saints Bot
4327,Q Branch
708,Hatters Robotics
5590,Alumiboti
3954,4-H Electrotechs
7667,OtterBots
8557,ConquEra
1138,Eagle Engineering
1572,The Hammer Heads
3205,Patriots
334,TechKnights
3473,Team Sprocket
7428,Gigawatts
8169,Aries
3597,Robo-Rangers
8020,CyberpunK
4513,Circuit Breakers
1797,Phoenix
9740,CAN://Bus
2181,GEARS
4160,The RoBucs
569,Rambots 569
8255,Robodogs
4456,Mech Cadets
5050,Cow Town Robotics
830,The RatPack
3932,The Dirty Mechanics
5461,Victorian Engineered Roboti...
5863,Hypercubed
7709,Formosa Pangolin
9199,SESI SENAI SHARKS
2534,Lumberjack Robotics
263,Aftershock
5959,PrepaTec - Titanium Rams
6996,Koalafied
8749,Farmersville Robotics
2890,The Hawk Collective
6128,M.O.T.O.R (More Than Our Ro...
6696,Cardinal Dynamics
2832,The Livonia Warriors
6226,Blue Devils
9461,SESI SENAI MecaChronos
171,Cheese Curd Herd
8849,Storm Robotics
7160,Ludington O-Bots
5586,Bond Brigade
1569,Haywire Robotics
358,Robotic Eagles
9003,TuTu Turtles
5503,Smithville Tiger Trons
2501,Bionic Polars
3418,RoboRiot
6073,Cav-Bots
7694,THE IRON LIONS
4308,ABSOLUTE ROBOTICS
4940,Knight Vision
3826,Sequim Robotics Federation ...
2861,Infinity's End
6317,Disruptive Innovation
3465,The Omega Factor
2656,Quasics
5926,Da MOOse
6357,The Spring Konstant
7127,LongMetal
2549,Millerbots
2667,Knights of the Valley
7480,Machine Mavericks
9121,Mavericks
5442,Mechanical Monarchy
1502,Technical Difficulties
238,Crusaders
7563,SESI SENAI MEGAZORD
9428,Springfield Robotics
3008,Team Magma
3229,Hawktimus Prime
333,MEGALODONS
8874,The Cybirds
8888,Flying Lions
1806,S.W.A.T.
3624,ThunderColts
5089,Robo-Nerds
766,M-A Bears
2374,Jesuit Robotics
564,Longwood RoboLions
5982,Circuits of Destruction
5098,STING - R
7902,Markham FireBirds
3100,Lightning Turtles
3568,RoboEagles
5935,Tech Tigers
4572,BArlow RobAutics
1277,The Robotomies
3550,Robotronix
8193,The Steel Stingers FRC
1610,⛴ Blackwater Robotics ⛴
2053,Southern Tier Robotics
2687,Team Apprentice
9659,Vanier Vikings
8132,Sysmik
2393,Robotichauns
6016,Tiger Robotics
167,Children of the Corn
3756,RamFerno
5115,Knight Riders
5674,The Gearhounds
5901,Electric Eels
6514,Sutton Robotics League
178,The 2nd Law Enforcers
2815,Blue Devil Mechanics
4330,Rambunction
4859,The CyBears
6104,Desert Eagles
8701,GRAFFITI
9280,PrepaTec - High Altitude Ro...
3881,WHEA Sharkbots
9721,Redhawk Robotics
3044,Team 0xBE4
5148,New Berlin Blitz
5112,The Gongoliers
4325,RoboRangers
6808,William Tennent Robotics
6874,Mediterra
6964,BearBots
5835,Sage Hill Robotics
6420,Fire Island Robotics
1164,Project NEO
1626,Falcon Robotics
2191,Flux Core
8891,Wild Raccoons
9575,Silver Robotics
1073,The Force Team
1523,MARS (Mega Awesome Robotic ...
2036,The Black Knights
4775,Aztech Robotics
5276,Edgar Allan Ohms
2172,Steel Unit-E
8051,TinkRex
599,The Robodox
9599,Colorful Panda
192,GRT
3490,Viper Drive
4674,RoboJacks
8528,AstroChimps
9169,AGROTECH
7225,Mechatronic Mustangs
6888,Foothills Robotics
2180,Zero Gravity
6170,Prepa Tecmilenio Vitronik
1280,Ragin' C-Biscuits
8775,Creekside
2712,Power Surge 4-H Robotics
6140,SMT Titans - The 'Tita'BOTS
9262,Humberside Huskies
253,Boba Bots
8116,Hatchet Robotics
968,RAWC (Robotics Alliance Of ...
6834,Bionic Warriors
2359,RoboLobos
702,Bagel Bytes
7136,Thistletown Scot Bots
5171,Deus Ex Machina
3838,Roc City Robotix
6181,Cryptic Cyborgs
2169,KING TeC
116,Epsilon Delta
6324,The Blue Devils
5145,WolfBotics
648,QC ELITE Flaming Squirrels
6465,Mystic Biscuit
6083,Overlooking
1810,CATATRONICS
5032,Falcons
3492,Putnam Area Robotics Team (...
1504,Desperate Penguins
2421,RTR Team Robotics
3009,High Scalers
61,The Intimidators
9101,Green Mountain Robotics
5985,Project Bucephalus
8266,Owlbot - Peñoles
7682,FUSION ROBOTICS
9787,9787
280,TnT
3257,Vortechs
5291,Emperius
5746,Human Error
3959,Mech Tech
5937,MI-Robotics
4951,CDS Cyclones
7196,Tech Tigers
8080,Sequoyah Robotics
5900,Career Blazer Robotics - Th...
7403,Lightning Blue Lizards
8422,Husky Howlers
8746,Knights
9777,Knights of the Lab Table
4159,CardinalBotics
7858,Warriors
1997,STAGROBOTICS
2345,Animal Control
9673,Ithaca YellowJackets
5526,Type C - Peñoles
6532,TechnoPaths
4398,Gladiators
5066,Singularity
9403,Starstuff
5468,Chaos Theory
66,Grizzly Robotics
21,ComBBAT
3388,Flash in memory of Margarit...
4198,RoboCats 4198
5002,Dragon Robotics
806,The Brooklyn Blacksmiths
2186,Dogs of Steel
4131,Iron Patriots
514,Entropy
2239,Technocrats
6419,ICE
1965,Firebirds
1977,The PowerSquids
4135,Iron Patriots
6989,KAISER
9031,Wildbots
7784,Vassar Voltage
117,Steel Dragons Robotics
5282,Railroader Robotics
5860,Full Metal Muskrats
6098,bIrobot
7425,Green Valley Robotics
8067,Alpha Lab
5036,The Robo Devils
7890,SeQuEnCe
2478,Westwood Robotics
8573,Rogue-Rangers LEGACY
8516,Wired Up
4213,MetalCow Robotics
5086,Cadillac Connectors
5914,Robotic Warriors
9739,Firefly
3313,Mechatronics
2358,Bearbotics
1279,Cold Fusion
5968,Little Apple Cyborgs
9226,GR Pioneers
2733,Pigmice
4590,GreenBlitz
6829,Ignite Robotics
7645,NK MTC
4277,Thingamajiggers
9648,Tigers Robotics
3695,Foximus Prime
4904,Bot-Provoking
3891,Rodeo Robotics
5417,Eagle Robotics
4653,Ironmen Robotics
9050,Tucanus
342,Burning Magnetos
6744,Mehlville Pi
6873,The Generals
1014,Bad Robots
2198,Paradigm Shift Robotics
2230,General Angels
7538,Metal Mountain
9024,Callister
9116,The Canucks & Bolts
4215,TRIBOTS
9054,Johnson City Joules
6936,Innovation Vault 6936
5547,The Talons
7619,illumiBOTi
1091,Oriole Assault
3843,ROBO RACERS
8736,The Mechanisms
5800,Magic Island Robotics
4153,Project Y
5141,GRIFFINITE
7086,IOROBOT
4992,Sparbotics
5410,Eaglebotics
9491,Silver Creek
3035,Droid Rage
3166,First Year Ravens
1559,Devil Tech
3952,Troy Robotics
6621,6621- Artemis Robotics
7094,Alpha Omega
533,The PSIcotics
7658,MagiTech
9492,LadyTalons
4821,cyberUs
6099,Knight Riders
9750,ED Robotics
2839,Daedalus
9500,G28 Robotics
5720,Jagobotics
7673,Formosan Sika
3482,Arrowbotics
6135,Arctos
5618,PLS
6704,Mid Pacific Owl Robotics
7183,W.A.R.
8569,Zhonghe
2022,Titan Robotics
2574,RoboHuskie
8077,Delmar Robotics Engineers A...
3712,RoboCats
578,R-cubed - Red Raider Robotics
7691,TSA All Stars
3566,Gone Fishin'
6859,BML Robotics
4669,Galileo Robotics
6637,BetaWolves
9080,ENIGMA
4575,Gemini
4911,CyberKnights
9469,LUMOS ROBOTICS
2773,IronDogz
4175,Coded Summit
6014,ARC
3681,Robo-Raiders
9580,#ChangeTheNow
25,Raider Robotix
9545,CARACAL ROBOTICS
7019,Rubber Ducks
9763,Cast Iron Clippers
6184,Capital City Chaotic Coders
9085,SESI SENAI MEGA HARPY
7849,Da Vinci's Creation
9663,Team Bosch
2027,Robotic Dragons
3381,Droid Rage
7659,HNMCS Robotics
9297,BOGOBOTS
128,The Botcats
7110,Heights Bytes
6479,AZTECH Robotics
7687,Corcebots - Peñoles
8595,This Is How We Play
4216,Blue Ops Robotics
4511,Power Amplified
4768,Cody Comets
8145,Tech Warriors
997,Spartan Robotics
4835,Junkyard Dawgs
6436,PARS ROBOTICS
7202,Cyber Orioles
6956,SHAM-ROCK-BOTICS ☘
3083,Artemis
3480,PrepaTec - ABTOMAT
8879,REDBird Robotics
9512,Horsepower
8280,K9.0 Robotics
4664,Butler Bots
698,Hamilton Microbots
9193,Kennedy
2626,Evolution
2064,The Panther Project
41,RoboWarriors
3734,StarBots
5887,PrepaTec-IMPERATOR
1322,GRAYT Leviathons (Genesee R...
2640,HOTBOTZ
9572,CC Shambytes
1723,The FBI - FIRST Bots of Ind...
4225,RoboCats
237,Black Magic Robotics
7567,SESI SENAI OCTOPUS
8152,Escouade
1769,Digital Hawks
4703,Menahga Gigabot$
8706,Malcolm X Shabazz Bulldogs
6404,Brazilian Storm
3636,Generals
193,MORT Beta
2641,Pittsburgh Central Catholic...
3352,3352 Flaming Monkeys 4-H Ro...
4401,CETMOV - Peñoles
7656,MC Hammers
1991,Dragons
6914,Retro5ive
9234,Les Aigles d'or
977,Cometbots
8532,Classified
3302,TurboTrojans
6097,Botcats
6864,Gryphtech Robotics
4501,Humans
8882,Infinity BR
3216,Missoula Robotics Team (MRT)
3361,Governators
9235,ThunderBolts
8127,Team Rabyte
8739,Redhawk Robotics
5136,MechaPirates
6122,Potential Energy
7503,Radicubs
8626,Cyber Sailors
9233,Luminous Robotics Team
4959,Millennium Falcons
2853,Hot Spot Robotics
2560,RoboDog
3610,Islanders
4662,Byte Sized Robotics
6305,Stable Circuits
8839,Shoshone Robotics
527,Red Dragons
5549,Gryphon Robotics
7475,WIRED Team 7475
6085,Green Devil Bots
7137,Project 212
3067,Robovikes
7153,Aetos Dios (Eagles of Zeus)
9068,The Chargers
6805,Cyber Jays
9602,CANINTECH
2224,RoboPhoenix
3324,The Metrobots
2344,The Saunders Droid Factory
2340,Xcentrics -Mercy Robotics
3019,Firebirds
3267,Mariner Robotics
4918,The Roboctopi
6390,Hephaestus
4005,Hostile Gato Robotics
4181,Quack Attack
9567,StormBreakers
8248,ChainLynx
2643,Dark Matter
4744,Ninjas
271,Mechanical Marauders
3026,Orange Crush Robotics
7064,Voltron Robotics
7247,Error 404
1721,Tidal Force
980,ThunderBots
484,Roboforce
6566,Battering Rams
1847,W.R.A.T.H (Wyandotte Roboti...
486,Positronic Panthers
5229,Heritage Hawkbots
6487,Clockwork Knights
9455,STEAM Syndicate FRC
3275,The Regulators
5588,Reign Robotics
3526,PrepaTec - Blue Ignition
6367,The ElectroLights
9450,Velocity Raptors
5876,ARTEMIS
6024,R Factor
2550,Skynet
677,Murphy's Outlaws
4990,Gryphon Robotics
7504,CyBearBots
4809,Black Knight Robotics
6434,Bossley Park High School
9508,MOGUERA
9674,Trojan Power Robotics
6706,GOLEM
9044,TeraViks
6694,INNOBOTICS
8115,Platinum Peacocks
8423,Next Express
8546,Linebreak
3007,Robotitans
8086,Robo Warriors
8352,Code Gold
378,The Circuit Stompers
9662,Valley Lutheran High School...
2450,Wind Chill
9038,SF UNITY
5298,E-TECH CHARGERS
9305,Mont
9474,3R (Red River Resistance)
3975,Les Dragons
4537,RoboRoos
7772,The Lucky 7's
2619,The Charge
7692,Beach Bums 7692
4013,Clockwork Mania
9112,RoboRavens
7413,Plus Ultra
2227,Tigers
2559,Normality Zero
2635,Lake Monsters
7577,VELABOTS - Peñoles
1836,The MilkenKnights
5331,Lightning Bots
5486,Robotic Turmoil
9046,SESI SENAI BBTECH
8732,Trinity Force
8016,Eco Robotics
991,BroncoBots
6998,Unipards
9462,Toefur's Titans
7509,Brainstorm Robotics
501,The PowerKnights
2813,Gear Heads
308,Monsters
291,CIA - Creativity In Action
4782,PrepaTec - Borrebots
8105,Apollo Black Cat - Peñoles
9212,Infinity Dogs
1389,The Body Electric
4619,HawkBots
709,Femme Tech Fatale
9001,Delta Force
9618,Tronarchs
4512,Otter Chaos
7072,O.G.R.E. (Opelika's Greates...
2673,Tenacious Technicians
5253,Bigfork Backwoods Bots 5253
6064,IstanBULLS
9082,No Limit
3049,BremerTron
9578,Player One
447,Team Roboto
9180,GHS Robotics - Ursa Major
7906,Underdogs
4050,Biohazard
1555,Cryofrost
5683,R.A.V.E.N.
6079,JET SET
9635,Cyber Rabbit
6705,WildCat 5e
1554,Oceanside Kraken
4723,Prepa Tecmilenio - EARTH - ...
5788,Eagle Spec Ops
5826,Avis Automata
6113,M.A.R.C. 1
8179,Robo Falcons
3300,Midwest WARRIORS
7054,SC Sailors
9139,Reserve Robotics
9706,R^3 (Redwood Ranger Robot...
5150,Hybrid Hornets
9134,Prepa Tecmilenio - DEVOLT
9569,Milliken Mills Silver Knights
1647,Iron Devils
5480,FYRE
854,Iron Bears
1735,Green Reapers
3329,Wildbots
5016,Huntington Robotics
3944,All Knights
7472,R2 Jesu Robotics
7224,RoboDrakens
5314,Ice Bots
5607,Team Firewall
9021,uSELESScASE
8742,Argyll Attack
203,SOUPERBOTS
4994,Kingston Robo-Cards
6070,Gryphon Machine
5212,TAMSformers Robotics
8531,TermiKnightors
4761,The Robockets
8397,Astrobots
1700,Gatorbotics
9710,Discovery PolyBotz
9459,SESI SENAI RPRT HAWKS
1071,Team MAX
9034,The Space Dolphins
9586,Anglebotics
9771,Frankfort Panthers
7417,Bionic Bombers
204,Eastern Robotic Vikings
339,Kilroy Robotics
8564,Disco Ducks
6620,The Northmengineers
8711,The Midnight Ostrich Runners
8880,Terra Cyborg
2978,Cavaliers
8140,RoboManiacs
3848,Bots in Shining Armour
6863,Squirrels
217,ThunderChickens
2352,Metal Mayhem
3117,Harfangs
4930,Electric Mayhem
9600,X-Flare Robotics
9088,NASA's Mark Infinity
9484,Robot's District
3137,T-Birds
5881,TVHS Dragons
6768,Denison Robo-Jackets
8771,PioTech
3017,Patriots
9552,Rambotics
7038,Totino-Grace Pizza Pi's
904,D Cubed
9147,The Joebots
8796,MEF Robotics
9584,Spartan2
2040,DERT - Dunlap Eagles Roboti...
5672,First Nations-STEM
2875,CyberHawks
8598,Electro-Knights
9005,Avian Robotics
3543,C4 Robotics
4991,Horsepower
4087,Voodoo Voltage
749,Ctrl V
1716,Redbird Robotics
812,The Midnight Mechanics
4906,The Collective
662,Rocky Mountain Robotics
9022,MC Robotics
8385,Metal Madness
5869,QHHS Aqueducks
955,Ctrl C
3807,Overland BlazerBots
6877,Mechanical Mustangs
9498,ZENSHIN Robotics
6488,RoboRams
6875,Amazon Warriors - Build A...
7561,Blue Flamingos
7716,JLW Formula 01
8784,HEVSEL
9151,RoboLynx
9555,TEAM HELIOS
4601,Circuit Birds
5025,Pacific Steel
9615,Redlands Robotics
9767,Magnificat Blue Streaks
1662,Raptor Force Engineering
4505,McDonogh Robotics
6088,Stephenson Eagles
9470,Ctl Alt Defeat
7515,Dark Side Robotics
1927,Tempest
8205,Mind Over Metal
3755,Dragon Robotics
4355,CP-BOTS - Peñoles
9486,ALPHASTORM FRC
8424,Tractor Technicians Next Gen
5666,Purple Lightning
7476,Aureus
5689,CK Cyber Pack
6055,BOSS
9047,SESI SENAI SC TechMaker Rob...
4480,UC-Botics
5295,Aldernating Current
9400,BagelBytes
3692,Rock N' Robotics
7130,Future Shock
5413,Stellar Robotics
6333,Scavenger Robotics
3038,ICE
6110,Doc Botics
701,RoboVikes
1359,Scalawags
4014,Pixelators
4146,Sabercats
8334,Titan Robotics
1828,BoxerBots
7035,MEF Thunders
7112,EverGreen
7602,Agri-bots
7755,Phantom Circuits
7757,Atomic Dishwashers
3288,Punchers
7900,Trial N' Terror
3680,Elemental Dragons
6348,PrepaTec - HORUS
4186,Alameda Aztechs
4952,Les Carnicas
6167,CB Bearbots
816,Anomaly
6515,Unimatics
8304,Robot MaSTrs
9574,Rock Bots
9772,Titans Robotics
5902,The Wire Clippers
3042,Cobalt Catalysts
8126,Control Freaks
9521,Humble Rumble
3294,Backwoods Engineers
4269,CardinalBots
5213,St. Ignace SHIELD
6237,Martin Motion
4010,PrepaTec - Nautilus
4314,Springfield Urban League Ab...
4787,Axiom
1257,Parallel Universe
3189,Circuit Breakers
5834,R3P2
1775,Tigerbytes
3958,Schrodinger's Cat
5234,MarauderBots
369,High Voltage Robotics
5726,RHUMBOTZ
3354,PrepaTec-TecDroid
348,Norwell Robotics
7672,SCORPIONS ROBOTICS
9143,Armor Robotics
6616,Mechanical Pumas
7245,LionBot Robotics
9181,PlatyPirates
3815,NF Raiders
8117,The Easton RoboRovers
71,Team Hammond
1802,Team Stealth
7540,Timberwolf Robotics
4692,Metal Mallards
8630,CAP ROBOTICS
8731,Wild WYRE
4734,The Iron Plainsmen
6005,Cardinaltronics
9102,CyborgBulls
6593,HyperDrive Robotics
9146,Backburners
8500,TNT Robotics
3632,D-Techs
8276,ETECHNOLOGY#8276
2375,Dragon Robotics
7220,Steel Falcons
2587,DiscoBots
1212,Sentinels
9548,NASA Bark River Bronconaughts
9164,Tech Vikings
9704,igKnighted
3090,Ramhawks
2090,Buff 'n Blue
5518,Techno Wolves
7483,Mechanically Challenged
1512,The Big Red
6987,Falcon Automation
3865,Riley WildBots
8789,The Lost 10mm Sockets
2898,Flying Hedgehogs
7201,Crobotics
2537,Space RAIDers
5493,SMAbotics AG
5555,Spartans
5268,The BioMech Falcons
6945,Children of the Corn
9702,Nexus Robotics
9066,Cavalo Vendado
6918,Napa Cellar Rats
8772,Magic City Wizards
7497,MARAHO
8041,Lake City Ultrabots
8827,CougarTrons
9513,Circuit Crew 9513_Caterpillar
9523,Archers
2262,Robo-Panthers
7048,Red River Rage
1329,ViPrs
1908,ShoreBots
7506,WILDCARDS
8713,Nordonia Knights
3606,BearMetal
5509,Like a Boss
2523,Tech Storm
3660,LIGHTSABERS
4656,Rock Solid Robotics
5560,Central Lake Trobotics
6690,MV roboPride
4169,Warrior Robotics
8293,Prepa Tecmilenio - Startech
5828,Westover Robotics
6814,Ellipse
1306,BadgerBOTS
2662,RoboKrew
6238,POPCORN PENGUINS 6238
9758,Panther Bots
3278,QWERTY Robotics
3704,RoboSapiens
9756,Robo Panthers
538,Renaissance Robotics
5806,Basement Lions
7840,EMONER ROBOTICS
7885,Panther Tech
4984,Bullseye
6512,Coastal Catastrophe 6512
8586,Firebirds Robotics
4093,Hardwired
668,The Apes of Wrath
7808,Kalkaska Dragoneers 7808
8114,Rocketeers
1518,Raider Robotics
4470,TiGears
7250,OsCODEa 0w|5
4584,SentinelFox Engineering
8349,Newbotics
8611,Cyber Patriots
9594,Ashley Bears
7700,West Tech Paladins
9641,Robotics71
5031,Full Metal Mustangs
5641,Byron Robotics
7119,Sunset RoboBison
8087,Cougar Pride Robotics
6741,Space monkeys
2028,Phantom Robotics
3405,ALChemists
6432,St Cathodes
7050,SARNIC
8774,REST Robotics
9232,IBBTECH
5248,Robo-Saxons
5980,East Grand Rapids Robotics
8840,Bay Robotics
296,Northern Knights
4306,Robokomodos
4851,JungleBots
8426,Automated Amphibians
5920,VIKotics
4485,Tribe Tech Robotics
7274,Brashear Bulls Robotics
8264,ATA ROBOTICS
6201,The Highlanders
8847,Milwaukee Cyber Cheese
2973,Mad Rockers
3212,YME Stingbots
6590,SaviTech
9061,Mechanical Mutts
9220,Geekos
9707,River Mill Academy
1601,Quantum Samurai
3298,ArrowBots
6963,Blood Sweat and Gears
3407,Wild Cards
8821,TVRT-Trojanbots
2477,Marauder Rascals
3802,✨RoboPOP✨
6920,Force Fusion
8521,CyberLions
9622,GRIDLOCK
5658,STORMBOTICS
4104,Cheney Circuit Cyclone-4104
5511,Cortechs Robotics
8503,Raid One
6588,Counter-Torque Robotics
9298,Greeni3s
9487,KRYPTON FRC
6885,The Pilots
9242,Hamady Hawks
2708,Lake Effect Robotics
6473,Rock Star Robotics
2445,RoboKAP
2152,S*M*A*S*H
2594,Naskcorpions
6397,Romero Robotics
7485,Mo Co Robo
28,Pierson Whalers
3139,Oxford Omega
8590,CAVBOTICS
6758,Otternauts
5261,Cyber Shock
3824,HVA RoHAWKtics
5190,Green Hope Falcons
3138,Innovators Robotics
2077,Laser Robotics
4741,WingNuts
6232,Florya Bisons
6402,GÖKTÜRKLER ROBOTICS
9621,Payload
5655,KelRot
9075,Wapakoneta High School (WHS...
9438,Leopard Robotics
5113,Combustible Lemons
8866,Innovation Robotics
7470,iRAMBOTS
5053,Lakers
9611,SESI SENAI SC CyberRain
1972,Searing Engineering
9573,MMHS
5247,Red Devil Robotics
545,ROBO-DAWGS
9475,Mon Valley Mammoths 4
5443,Les PATenteux
9059,COLTech Robotics
7747,Hancock High Tech
4019,Mechanical Paradise
6101,Strange Quarks
7272,Envirobots
1719,The Umbrella Corporation
181,Birds Of Prey
9006,Crescent Wing Robotics
9425,Intra Milwaukee
3451,The ANOMALY
5874,Tecmilenio Border Bots
8819,The ARC-TECH BEARS
2161,Robocats
4680,AzTech Eagles
6809,Aviators
7031,Duanesburg Jr./Sr. High School
7551,Extreme Mechanism
354,G-House Pirates
6622,Stan Robotix
4861,Beastbots
7441,Lancer EVO
8871,Saber Dynamics
7147,Falcons Senior Robo Team
9162,ALL MIGHT
9411,Rhapsodia mechanicus
9742,Walkerville Wildcats
3951,SUITS
9055,Knights of Katahdin (Ka TAH...
423,Simple Machines FRC 423
5756,REC'in Crew
4693,Talk Nerdy to Me
8717,Cyber Vipers
8721,DAIS NAID 8721
9138,Robo Hawks
2879,Oriole Robotics
4610,BearTecs
5498,The Wired Devils
9302,Northstar
428,RRIT
7323,TriTron
9435,Pure Imagination 2.0
6884,Deep-Space Robotics
8822,Lc3 Thunderbirds
457,⚙️ Grease Monkeys ⚙️
6712,Mountaineers
8022,Raging Hawk Robotics
7477,Giddy GOATS
3219,"TREAD (Trojan Robotics, Eng..."
5894,J.E.H.S. CyberJags
7243,Robo-Lobo-Bellos
9301,PrepaTec Chihuahua - MechRams
9048,SESI/SENAI P0t1BOT (Potibot)
9405,KNOS Robotics
4973,Gator Gears
9539,Junk Bots
1143,Cruzin' Comets
5231,The Radical Jays
5878,The Great Lakers
4571,Rambots
7634,New Hawks
1027,Mechatronic Maniacs
2679,Tiger Team
8600,Kernel Panic
9505,STEMBots
7177,Amal tayibe
1317,Digital Fusion
199,Deep Blue
94,The TechnoJays
5490,The Dark Byte
7155,The Robotic Rangers
9207,Redneck Robotics
9427,IDeer
2204,Rambots
5527,Cyber Phoenix
9404,Forge
9447,AsoTech Robo-lation
9522,Archimedes
5193,Pantheon
8790,Departure
3759,SMARTBOTS
4189,Chargers
4395,Dundee Vi-Borgs
5805,SMbly Required
3098,Waterford Robotics
2035,Rockin' Bots
240,TEMPEST
2984,Vikings Robotics
6854,Viking Robotics
8628,Newark School of Global Stu...
1672,Robo T-Birds
2410,Blue Valley CAPS Metal Must...
6071,The Aluminators
328,Penn Robotics Golden Rooks
2367,Lancer Robotics
6112,Cyberstangs
2856,Planetary Drive
7724,Molokai Robotics
8556,Lion Robotics
9178,Cyber One
9433,Lil' Timmy's Big Team
6567,The Broken Drill Bits
706,Cyberhawks
1246,Agincourt Skunkworks
7742,Cosmos Robot Works
3491,FUTURE Dinos
3627,The Jungle Robotics
3794,Prepa Tecmilenio WinT
7760,PomTech
8817,Buccaneer Robotics
6186,Hope BotCats1
9153,Bearcat Robotics
5124,West Torrance Robotics
8015,The Cheetahs
8029,Steel Bronco Robotics
3397,Robolions
5613,ThunderDogs
8507,Jagwire Robotics
9033,Ocebots
7085,Paranoid Androids
9627,Yellow Haze
7652,MiamiBeachBots
7717,Steam Punks
6723,Mechanical Mounties
8777,SafranTech
6038,ITOBOT
6107,CyberJagzz
9202,Silicon Valley Technos
3537,Delta Force 3537
6023,DISCBOTS
9219,Nine Tails
9562,Bishop Reding
7040,POTROBOTS
9100,Robo Roses
6944,Wolverines
8338,Boucherie Bears Robotics
8787,Mavericks
9477,Lambert Robotics
1943,Neat Team
3122,The Alluminators
496,Royals
2221,FHS Robodawgs
9125,Mechanical Magicians
4453,The Red Hot Chili Bots
9287,Bionic Bengals
9718,Wookie Mistakes
4118,Roaring Riptide
6428,STEMINEERS
9773,Wakefield - Marenisco
5243,Aegis Robotics
1051,Technical Terminators
1576,Voltrix
9743,Maple Valley Lions
2498,BearBotics
9731,All Saints Cougars
2068,Metal Jackets
3374,Jackson Hole RoboBroncs
9163,HYDRA
2518,Spartan Robotics
4817,One Degree North
5773,YAFL Mechatronics
8551,RoNex
9110,Atomiic
9519,MINERVA ROBOTICS
9251,Spartan Robotics
2177,The Robettes
7104,Benedictine Military School...
9089,ACS Phoenix
7254,Knowmads
7528,Nuts and Bolts
5339,Hurricanes
547,Falcon Engineering And Robo...
8058,IEL ROBOTICS
3408,cyberCubs
5005,Boyd-Buchanan Robotics
5197,Northwestern
6430,Kalsedon
9570,EH Pirates
9722,Burt Township Robotics
8297,WIHI Robo Wolves
8558,Prepa Tecmilenio Digital Go...
1763,Paséliens
5970,Beavertronics
7471,Robo Montagnards
5870,League of Logic
6132,Iron Rangers
9225,Evart Wildcats
7248,Tactical Hams
4290,Bots on Wheels
5103,Jaegernauts
5176,RoboBills
7145,Robocanes
6189,Cyber Raiders
5971,Raider Robotics Team
7037,Jeunes D'Argent - FresnilloPLC
5516,Iron Maple
5697,Bearcats
9680,SIA Phoenix Rising
7327,Metal Jackets
6527,Short SirKit
4416,Skynet
6895,Mechanical Madness 4-H
8056,Laissez Faire
8298,Mighty Morphing Banana Slugs
9712,Team Iron Sharks
744,Shark Attack
7583,Embers
5470,The Cowpunchers
9698,Boys & Girls Clubs of North...
3723,TEKnights
79,Team 79 Krunch
5430,Pirate Robolution
8234,Panthinators
9468,Team Sirius
9464,Attila Robotics
8878,ArrowBot
1308,Saint Ignatius High School ...
3822,Neon Krakens
4737,Atomigators
8780,TED ROBOTICS
9725,young law
3936,RoboBlitz 3936
6057,Thunderbots
4827,Minerbotics
7636,Robomania
5872,WiredCats
6632,Northview Robotics
9788,9788
2657,Team Thundercats
7492,CavBots
7560,Meteor Bots
8182,Loth Robotics
9124,GESTO ROBOTIC TEAM
2512,Duluth East Daredevils
5576,Team Terminator
7598,SCA Constellations
8519,Iron Eagles
8146,Albatros OSTIMTECH
6345,Nimrod Nation
7088,Somerset Robodogs
8769,G.O.R.T.s
9304,legend's
3055,Furious George
9776,GA Robotics
2151,Monty Pythons
5866,Fe [Iron] Tigers
6642,Harrison Stingers of Steel
8895,Redwolves Robotics
4238,Resistance Robotics
8079,River Robotics Team
1539,Clover Eagle Robotics
3965,Sultans
4219,RED!
6652,Tigres
7674,RaiderBots
9761,LSMSA Robotics
6032,Pirate Robotics
8057,All Wired Up
3596,Rocket Robotics
9534,Basic HS
5052,The RoboLobos
4964,Roosevelt Robotics
9228,The Cougar Coders
9666,AAE Knights
1661,Griffitrons
5135,Black Unicorns
4586,PRIMO
4597,SABERBOTS
2591,RedTails
6658,Rockbotics
9643,Lady VOLTAGE
6455,The Coded Collective
9030,MecHack
4935,T-Rex
4580,Conductors
884,Mechanical Mules
9670,The 4-H NASA Gadgeteers of ...
2170,Galvanized Guardians
2259,1/4 Twenties
6628,KMS BOTKICKERS
3691,RoboRaiders
5538,Vikingbots
9667,ITEM # 9667 Independent Tea...
3751,Tower View Robotics
3753,BulahBots!
7855,Chronic Robophobia
3472,PrepaTec - Buluk
5732,ROBOTIGERS
6029,Railbots
7190,Vancouver Rainstorms
7809,Valhalla Nation
4617,DAUN
9765,LCS Cougars
9244,Belize IT
9402,Explorer1
1885,Comet Robotics
8220,Space Tigers
8230,KoiBots
3359,Royal Robotics
7439,Qubit Robotics
5059,The Midnight Cicadas
6171,⚛ Chain Reaction ⚛
9056,CyberHuskies 9056
1580,The Blue Monkeys
5704,AUTOGOATS
4731,PrepaTec - MONARCH-E
6725,Westminster WildBOTS
9155,New Tech Kraken
2347,Trial and Error
2789,TEXPLOSION
5407,Wolfpack Robotics
8042,Fenrir
9132,Basaksehir Teknoloji Takımı
8066,WOLF ARMY ROBOTICS
611,Saxons
7653,Minebots 7653 - Fresnillo P...
9431,Snider Panthers
5147,Hornets
691,Project 691 Robotics
9077,The Crown
6909,SAKURA Tempesta
7195,Twin River Robotics
2604,Metal and Soul
6350,Clawbots
7465,Magnetech
1793,The Aviators
3268,Valhallabots
5312,Lobotics - Peñoles
9149,RoboCats
3024,My Favorite Team
6695,Alpha Knights
8372,HCN Storm
3172,HorsePOWER
9160,YAL THUNDERS
9494,Hanabi
1522,DOTM - Defenders of the Mul...
6896,CABOTS 6896 - Fresnillo PLC...
9049,SESI SENAI STEAMPUNK MONKEY...
2158,the ausTIN CANs
2585,Impact
9166,TecRobot
9672,Colon Magi Robotics
9744,Breithaupt
159,Alpine Robotics
4015,Jag
9499,KánariTech - Fresnillo PLC
1111,Power Hawks Robotics
3966,L&N STEMpunks
6302,Greeneville High School Rob...
8153,Tech4Peace
5143,GRG Raw Steel
7464,ORION
4931,Edwardsville Technologies
9583,Lavender Robotics
9613,Kennewick
3863,Pantherbotics
4623,Flyer Robotics
7214,Tiger-OPS Robotics
4645,The Chicago Style BotDogs
7530,B.O.S. Robotics
1178,DURT (De Smet Ultimate Rob...
5183,Devil Bots
9590,Bison Tech
9626,JagWire Robotics - NASA
2212,The Spikes
2577,Pingry Robotics
5515,Blue Power Robotics
3646,INTEGRA BAHCESEHIR
9639,Sibley-Ocheyedan
7911,Belding Scrapcat Robotics
5205,FullMetal-Jackets
9542,Technodogs
3719,STEM Whalers
6866,Markham Space Invaders
5429,Black Knights
6556,Spartan Robotics
7033,Roosters 7033
9647,Ladybug
5517,The Engineers on Fire
5149,TroyBotics
3773,Arrowhead Robotics
9203,Quake
9543,Harlan Robotics 23
1915,MTHS Firebird Robotics
9591,DESTAN
6059,System Overload Robotics
7237,UniBots
8090,Mavnesium
6940,Violet Z
8100,Grayson Robotics
8757,GeodeBots
9206,GRP Titans
5563,Phalanx
9694,TUBITECH
3947,The Last Crusaders
7864,North Woods Robotics
9282,PrepaTec- SINAVOLT
4240,TroTek Warriors
4638,Jagbots
4702,Cyberdogz
7623,Morebotics
6872,Panthera Ferro
8622,The CyBirds
2988,RoboRiot
7546,Prepa Tec - MinerZ
9764,Maritime Marauders
2130,Alpha+
7423,GrizzBot
751,barn2robotics
7730,uNReal
9316,CUBATRONICS
6901,Knights Robotics
9524,SHS Cardinal Chaos
5623,Robotic Rams
9144,Helix
9445,The BraveBots
6608,Prepa Tecmilenio - ARCADIA
2513,T.E.R.T.O.L.A.
5189,SABRES
5504,The Loose Connections
7818,Williamston High School Ves...
2827,The Tiki Bots
867,Absolute Value
9703,Q_Bots
2487,Mechanical Animals
3876,Mabton LugNutz
7117,Robotic Dragons
7770,Infinite Voltage
9188,Pantherbots2
9565,CEZERİ
9527,WIHS TEAM
250,The Dynamos
4972,BORUSAN ROBOTICS
8574,Audeamus
9152,Rat Fight
9571,PVHS Coders
9638,Gobles Tigers
9693,Miami Dade College Sharkbotz
5012,Gryffingear
5783,RoboDucks
6806,Mineola Wild Reds
8804,Cyber Bears Robotics
9541,M-stee (squared)
7109,Clare Chaos Theory
8137,Byting Bulldogs
2914,TIGER PRIDE
4390,ATA Coregears
4661,The Red Pirates
6161,Equilibrium
9631,Chargers
3458,Code Blue
8826,Parkway Eagles
5706,Tahquamenon Phenomenon
5060,IgKnight
5722,Plutonium Panthers 5722
4988,Yooper Troopers
9195,Team ProdiXy
5071,Charger Robotics
753,High Desert Droids
4061,SciBorgs
3291,Golden Pirates
5278,Los Clasicos
8767,Dark Horse Robotics
7161,LeopardBots - Peñoles
7722,Resurrection MechaPhoenix
4171,BayBots
4627,Manning Robotics
5830,LIFE Engineering
6353,Zodiac
9755,Luther L. Wright High School
1827,THE HIVE
2234,Alternating Current
6483,Prepa Tecmilenio - CHARGER
8788,Special Forces BallistaBots
8832,AutoDawgs
9204,Aluminum Armada
4630,Robodragons
2969,Aftermath
9732,The New School Robotics
2441,Spartechs
7500,MARAUDERS
8024,Robotans
9654,Kelly Trojans
3242,ILLUMICATS
7654,Robot In Box
8166,ROBOCUBE
3340,Union City MagneGeeks
5347,Gryphons
9456,Nunez Robotics
7256,Irish Robotics
8705,Sci Tech FRC
9448,Wave Wranglers
9699,Bayou STEM
7869,The Fun Gang
2458,Team Chaos
8765,Parallel Units
8798,DAMAS ROBO
9657,SESI SENAI BATROBOT
7589,Lishan Blue Magpie
8408,Kiss Kats
6974,Zia Robotics
7452,Dupo Tigers
8584,Infinity Robotics
9096,Bad Weather
6902,STRIKE
8899,Eagles
9737,One Stone Innovators
2095,Direct Current
404,⚒️ 404 ART ⚒️
7703,RoboBears
3559,Thundercats
9086,Wildcat Robotics
9717,Scott County Robotics
6351,Rundle College Robotics
7683,Harmonia
9040,Sunset Robo Knights
5539,DVHS Cyborgs
568,Nerds of the North
8392,Mac Attack
3859,Wolfpack Robotics
3993,Humanoids
435,Robodogs
4371,Prepa Tecmilenio - ART Mx
3096,The Village Bulldogs
7603,VESPA ROBOTICS #7603 - Bill...
3349,Static
6213,Team Quantum
617,Enginerds
9625,WOLFS ROBOTICS
5928,MetalBoost
7611,AMAL HAWKS
9701,Crosswired Robotics
87,Diablo
9768,ROBOKNIGHTS
5531,Orange Crush
9314,Berserker's
1726,N.E.R.D.S. (Nifty Engineeri...
9779,Gladiator Robotics
4382,Team Trobot
9300,Olympians
9479,CREDENTIS
6824,LVA Robot Pigeons
4091,DRIFT
8144,Red Chair Robotics
9441,Arcura
9515,Carver P-TECH/Gryphon Technik
8175,Piece of Mind
3871,Trojan Robotics #3871
8291,Yellow Experience Bateil - ...
2896,MechaMonarchs
9617,Metal Knight
7309,Green Lightning
8023,LRTC Androscoggin Argonauts
8782,TroBotics
6155,ElektraBots
8300,Lumen Christi Titans
8577,Georgia Cyber Academy Champ...
9429,NEACTC Tech Titans
9587,STEMgc
7198,TL Fearsome Gears
7135,System Reset
9106,Spires
3634,Spark City
4229,Magnetech
6400,The Manhattan Project
8374,Bongo Bots
9616,Keira High School
4750,Bert
9728,BGCCF Joe R Lee Branch
4637,BambieBotz
7018,EOLOTICS - Peñoles
4567,The Mechanized Mafia
6033,Gadget Agents
9194,Gemin√-1s
9568,Leland Comets
9636,West End Secondary School
7777,Septobots
9634,Litterbots
5599,The Sentinels
6969,Cyborgs6969
9669,Regina Riveters
5954,Portable Chargers
5993,Istech Robotics Society
4504,B. C. Robotics
6318,FE Freedom Engineers
8223,Mariners
9196,FERRÃO DE ARRAIA
7587,Metuchen Momentum
5841,The Patriots
8753,Spectre
2882,Nuts n' Boltz
5669,Techmen
8898,Royal Rebel Robotics
9120,Silverbot - Fresnillo PLC
4012,Bad News Bots
852,Acropolis Robotics
2141,Spartonics
8816,Coyotronics
1369,Minotaur
2080,Torbotics
7738,Helion
832,OSCAR
2538,The Plaid Pillagers
4332,RoboCats
8865,Dacula Droids
3163,ROARBOTS
5624,TIGER TECH Robotics
9241,EV ROBOTICS
877,Pi Rho 'botics @ North Star
988,Steel Phoenix
6631,Rocket Robotics
8030,Scrapbots
8793,Pumpkin Bots
8610,Lanier Voks
8770,FireBolts
1159,Ramona Rampage
7128,XLR8
9760,Cristo Rey Jesuit Trailblazers
6094,Manic Mechanics
937,Nerd Herd
2849,Ursa Major
6932,SMART
9532,Messy Bees
2001,HERMES
2048,The Pink Panthers
4260,BEAR (Blue Earth Area Robot...
5133,PrepaTec - Blue Steel
7850,C.A.R.D.S.
6897,Astraea Robotics
8836,Wayne Enterprises Inc.
4455,The Burger Bots
6732,BHS RoboRaiders
2903,NeoBots
4319,Ladies FIRST
4955,LA Tech
2404,Team NEY Techs (TNT)
2606,Irish Robotics
9295,Harlem Rails
5214,The Mighty CavBots
3091,100 Scholars
6453,Bog Bots!
5478,Pershing Doughbots
5727,Omegabytes
7447,Rōnin Robotics
8045,CVHS First Robotics: The Wa...
9097,MachBusters
5046,Jacked Up Jackets
5440,Les Chevaliers
9504,Gunderson Grizzlies
9554,Portage School of Leaders
2261,Casa Robotics
8533,Rancho Reapers
9439,Knights of Polaris
8302,Ni-Tro
9111,Pyro Mechanics
2929,Emeral Ridge JAGBOTS
6506,Steel Boot
6558,Aluminum Sting
6194,The Aftershocks
4562,Sentinel Robotics
8803,MechaMarines
9165,Starbots FRC
3515,Pneubotic Mustangs
5871,Chickadees
9708,SciPort FRC
3533,Mekano
7091,Atlas Orbis
7856,UPAD Fusion
9451,Aydos
9753,Team Success
1803,Vikings
2554,The WarHawks
6591,Panther Powered Robotics 6591
6908,Infuzed
3202,KnightBots
6843,Guardian Gears
6691,Torque
9286,The Oaker Association
5260,Owosso Operating System
8758,Tar-Robo Turtles
9045,North Lions SESI/SENAI
2246,The Army of Sum
6415,Gultepe Robotics Team 6415
9018,ElRobotiKO
4024,TechnoSaints
6000,Firehawk Robotics
6817,10 Factorial
9311,Warhorse Robotics
9497,NIMBLE PANTHER
9720,St. Pete Strong
1319,Flash
6961,SIbots
4008,Theodore Roosevelt's Disco ...
9549,The Mechadogs
7718,HVPA Dragons
2915,Pandamonium
5162,The Big Red Theory
1255,Blarglefish
1744,Robo-Rays Robotics
1799,Wired-Up!
4987,MegaRams
5421,BirchBots
8805,NKST36
9520,Rock-it Robotics
8012,APEX Robotics
9156,Trojan Robotics
9493,Coasters1
3390,ANATOLIAN EAGLEBOTS
3793,CyberTitans
4908,Duxbury Dragons
7030,The ROBOlympians
3295,STEMdroids
3673,C.Y.B.O.R.G. Seagulls
6401,8-bit RAMs
5514,MavBots
5923,WildC.A.T.S.
9012,Team Waffles
9679,Madison Eagles
1818,Team Talos
7607,The Blackbirds
8158,Bosphorus Robotics
9449,Yellowjackets
7036,The RoarBots
9509,YPIE 2024
7173,Garibaldi Robotics
8773,Robo Rams1
9243,Maniac Robotics
5099,Northport Robotics
9782,9782
9607,RJR Cyber Demons
9770,Victory Church of Christ Ro...
4587,Jersey Voltage 4587
9528,The Wolf Pack
9593,White Rhinos
3985,Sonic Howl
6865,Manitoulin Metal 6865
1293,Pandamaniacs
4652,Ironmen 2
6076,Mustang Mechanica
9506,MECHS Robotics
5596,Wolverine Robotics
9119,Iron Legends
9751,OIA Panthers
9510,Medusa
9579,Green Devils
2503,Warrior Robotics
7292,HİTTİTE ROBOTİCS TEAM (HRT)
7514,EVE Robotics
8261,PROGRESSUS
8130,Absegami Robotics
9205,Technical Marauders1
9726,Notus Pirates
1712,Dawgma
612,Chantilly Robotics
8818,The Foe - Foe Engineering G...
7235,Red Lake Ogichidaag
5932,5932 - Prepa Tecmilenio - Q...
6648,MechaSpartans
7191,ABT Gators
2797,Knight & Nerdy
3282,Dallas Robo Tigers
433,Firebirds
7496,Robo Indians
8625,MHS Eagle
9407,Heatwave Robotics
3187,Arcadia Titan Robotics
4468,Fernbank LINKS
8750,Tarpontron1cs
229,Division By Zero
3933,PrepaTec - Taman Keet
6934,Scorps
9070,CELESTIAL
2637,Phantom Catz
4999,Momentum
5695,Heavy Duty Eagles
7077,Sundevils' Fire
9020,Galatasaray Robotics
9564,Taishan Robotics
3344,Space Dragons
7669,Techno R4v7ns - Peñoles
9028,GFORCE
9754,Vestaburg Wolverine
8561,Cartesian Robotics
9781,Northgate High School Robot...
1940,Tech Tigers 1940
4919,Team Ronin
1225,The Gorillas
2725,Ice Princesses
8795,The Chaotics
7459,Taubatexas Robotics
7690,Ironworks Robotics
9255,Botmasterz
9623,U-Turn
6180,Mechanical Lions
6190,Cybernetic Crusaders
8734,Prepa Tecmilenio - BATS
6160,Bombatrons
9007,MIT (Muskogee's Innovative ...
2171,RoboDogs
3577,Saint's Robotics
9211,ACCE Underdogs
8824,Wapello Royalty
6091,Eagle 1
640,Edison Robotics
8623,Michigan FC
9292,Zen Maker Robotics - Shipyards
9416,I.Θ.W.A.
9671,Godwin Heights Robotics
1303,WYOHAZARD
1446,Robo Knights
7273,ZooM 7273
752,The Chargers
9091,A.W.E.
4054,Phoenix Robotics
9051,G-P Robotics: Symbiosis
9581,Bad Wolf 1
5559,Gear Grinders
4299,BCS RoboSharks
8624,"The Bots Who Say Ni!"""""
3740,Storm Robotics
9690,Defuse Robotics
8421,CRUSADERS
1307,Robosaints
3328,NohoRobo
8870,RedCards
9281,FaroTech
2511,Cougars
5219,TeknoSquad
743,Technobots
7737,RaptorBotics
9592,Timmins Blues
2265,Fe Maidens
7115,Red Lion Bots
7744,Wild Cards
7479,Cardinals Robotics
1758,Technomancers
3164,Stealth Tigers
7125,Tigerbotics
8842,SAR
5918,Pumatrons
9093,Veritas Robotics
9263,ALD Lions
1761,STEAMpunk Tigers
3336,Zimanators
771,SWAT
8863,ANATOLIAN DEAF ETERNALS ROB...
9004,Milliones Mega Mechatronic ...
9525,CR-IT NileTech
2900,The Mighty Penguins
7210,RoboJackets 7210
6845,River Bots
9239,Panthers robotics
9546,Techno Leopards
8887,West Central Area Knights 21
8308,GFLRobotics
5182,Chieftainators
9150,Labyrinth Robotics
9223,Newaygo Lions
7255,Mechanical Mettle
8512,Manzano Monarchs
9053,Prepa Tecmilenio - Iron Hawks
9661,Huskie STEAM
5532,The Panther Bots
9471,EF Academy
1585,Scitobor Robotics
6044,Circuit Breakers
9724,TBD
2950,Devastators
5235,Gears of Fortune
7729,RAMs
7418,Channelview TechnoFalcons
1247,"Blood, Sweat, and Gears"
8815,Barnstormers
9422,Team Forza
5491,Hard Reset
9645,POC
7228,Tigers
9646,The Marinators
4961,Shock and Awe-sum
9457,X Studio
5929,Raider Robotics
9076,Villaciraptors
6764,Flash Drives
9601,BageTech
4701,Warriors (Team W.I.R.E.)
6882,Fahrenheit Robotics
7521,ULTIMATE Robotics
3020,SMbld
4286,Imperial Robotics
2190,Team Hero
5125,Hawks on the Horizon
5908,Spartans
6068,Delta Overload
9668,West Robotics
6610,Robot Roll Call
9249,Copper Country Cats
9605,West Wilkes High School
9081,Bluetonium
9655,Shallowater Robotics
8861,06ANGORA
9426,Galena CLAWBOTICS
5265,Radical Impact
9614,ROBOSSAUROS
5716,PrepaTec - Keybot
7287,Esquimalt Atom Smashers
5919,JoCo RoBos
6822,THE SHISHKABOTS
8209,SEZMECH
9589,MCS Innovators
9665,Vanderbilt Area Schools
3204,Steampunk Penguins
1011,CRUSH
453,Rockem Sockem Robotics
9653,O.V.R.T (Ohio Valley Roboti...
7221,Viking Robotics
9148,Atlas
9259,WAATBOTS
7534,Dragonflies
2348,Mechahunes
9307,Spicy Chihuahuas
9025,Mechameleons
2998,VikingBots
6825,THE STRONGHORNS (FRC6825)
9547,Lotus
9658,Camber
4643,Butte Built Bots
9778,Horizon
601,BayBots
7671,Fire Hazard
9490,TAC BEARS
5271,Open Circuits
9127,Lioneers
5642,Mumford Mechanical Mustangs
6860,Equitum Robotics
9502,Idigna
8060,Command B
9227,Gladwin Flying G's
9415,Westinghouse FRC
9577,Recoil
9074,Roboant
8224,Vanguard Robotics
4568,Robot Commander
4622,Academy at the Lakes Wildcats
7758,MEVOLUTION
7903,Rochester Prep
3532,Piranhas
5074,RoboMustangs
8222,The Argonauts
8588,Tech Devils
9103,Prepa Tecmilenio THUNDERVOLTS
6869,Gladiateurs
2225,Rebel Robotics
5019,Gearbox Heroes
7748,TECHTOLIA ROBOTICS
9516,Davis HS/Falcon Furious
8339,Penticton Robotics
97,Bionic Beef
5310,Mecha Ravens
5457,Falcobots
8070,CyberGriffins
9582,HHS NASA Snaggbotics
5408,KENNEDY KINETIX
6643,Walden Robotics
7796,Breaker Robotics
7321,Águila Robótica
9711,TCA Robotics
1994,Quixote
6230,Team Koi
9252,Wingspan
6922,Apache Genesis
8263,Robin
9002,RoboFalcons - Foothill High...
4735,Tecmilenio - DEROF - Peñoles
4565,Skyline Robotics
5123,Mechadogs
2912,Panther Robotics
7814,RV Gearheads
9503,Laurel High School
9685,Astro Pandas
3527,PrepaTec - Balam Esmeralda
8704,LCMR
6533,BeaverTech
7271,Hangar 84
5619,RoboJags
9713,The Martins
6833,Phoenix Robotics
9730,Metal Maniacs
9734,Jasper County Robotics
3743,Eagle Bots
9629,Hibana Technology
6463,Robotic Rams
9172,Robo-Sharks
9209,Fantastic Falcons
5467,RoboTractors
9762,Chatham Charter School
3890,Breaking Away
6606,Prepa Tecmilenio Pink Hawks...
7813,New Haven Rockets Robotics
7833,FALCONS
9043,Valkyrie
6686,Bionic Broncos
7688,Creekside Robotics
6711,Millennial Falcons
7759,Bulldog Bytes
9664,Boogie Bots
8514,Junior Squirrels
1266,The Devil Duckies
6096,UPSM Cobras
6106,PrepaTec - TecGear
9649,Mulgrave Robotics
7516,Louisville Centrons
34,Rockets
5096,The Teutonic Force
8714,Robo Griffins'
9517,Eisenhower HS/Gryphon Technik
3507,Ubotics
5648,FRC Team #5648 Melbourne Ro...
4854,Trobots
9198,The Beach Botz
4191,IMC
5583,SistamatiK
8173,Brighton College Gear Zero
9620,Eltynien
7401,DevTech117
5702,Robotowatomi
9309,Eleanor McMain
4166,Robostang
9472,K2C Robotics
3821,Pirabots
8075,CyberTigers
6188,Sting Robotics
6832,STEAMex
8174,BityBots 8174
4579,RoboEagles
3976,Electric Hornets
9453,#MSD Mount Vernon Wildcats
4632,Monti-Pythons
6411,Gravediggers
9073,Skol Robotics
9610,Blue Ivy
9650,Mio-Ausable Thunderbots
4348,Bonneville Bots
7713,Norse Code
9183,RoboComets
9029,Team NF
4364,Metal Jackets
8761,AHS Tiger8761
9419,Team Vulcan
9437,Uncommon Collegiate Charter
2395,OKC 4-H Robotics - Ninja Mu...
9042,SOARIN
3760,AeroBots
5045,SpartaBot
9157,Iconic Panthers
9538,Stallions
6322,ONECLAY A.R.M.O.R.Y.
2907,Lion Robotics
3560,Chingbotics
4758,RoboBlazers
7686,Acabots
8124,BearBots
4739,Normanhurst Nitro
6431,NoktaParantez
3777,Bean City Bots
4251,The Gallup GearHeads
5608,Lassiter Robotics
2906,Sentinel Prime Robotics
7794,Marion Eagle Engineers
5975,Beta Blues
4729,EMU Robotics
3619,Blackhawks
7907,Spartan Robotics
9303,PO®️TAL
1557,12 Volt Bolt
3786,Chargers
335,Skillz Tech Gear Botz
7203,21st Century Cyber Bearcats
5744,RoboRunners
9421,Carmel Robotics
540,TALON 540 Godwin Robotics
7621,Iron Rangers
8799,IZELMAN ROBOTICS
9247,SainTech Robotics
9530,Adams 23
6141,O'Connor Robotics
6526,Cyber Rangers
2927,NEST Robotics
5500,Jaguars Robotics & ROVs
6676,Prepa Tecmilenio - Thunder ...
5785,The Shield
9289,Vikings
8362,Circuit Breakers
4838,Outlaws
9747,Center Line High School Pan...
9315,Coding Comets
9719,ThunderTech
9757,Marlette Jr/Sr High School
6665,C-Otters
5225,The Shambotz
8700,W.I.R.E.D
7138,Wing It
9210,Fighting Falcons
9444,Perseverance
7865,Hope of Detroit Robotics
6476,Supernova Star Squad
7458,Senior Robotics Team
9789,9789
5965,Power Struck Girls
9060,Prepa Tecmilenio - Desert R...
9189,Disastrous Data
8387,The Thingy Thing Team
9608,Central Arkansas Christian ...
6887,Dalton Catabots
8364,Rising Stars Academy - Nebulas
1450,XQ Robotix
9550,KSS STRIX Robotics
4182,Viking Robotics
9057,G.I.R.L.
2840,PCDS Blue Tide
1795,Team Clutch
7575,Stark Robotics
8756,Magic Valley Logic Control
9696,Hami NASA_Yankatrons
1002,CircuitRunners Robotics
5263,Robo-Bucs
9159,SHAGO ROBOTICS TEAM
4021,igKnightion
3110,SeaBots
7230,Mythic Mechanix
8778,HSUWerx
1831,Screaming Eagles
9735,Electric Dragons
4816,Gadget Girls
395,2 Train Robotics
8718,Tigerbotics
4127,LoggerBots
5679,Girls on Fire
7811,Flamin' Hot Tigers
9424,EOCHS Robotics Team
9185,PL ROBOTICS
6910,Mill Creek Steel Talons
5651,Maynard Jackson RoboJags
9248,Orchard View Cyber Cardinals
303,The T.E.S.T. Team
9660,Delgado Community College D...
4717,Westerner Robotics
9697,Beecher Bucs
6047,Proctor Frostbyte
9065,Prepa Tecmilenio - SpaceHawks
4711,The Flying Aces
9423,SL Robotics
4337,Red Devil robotics
6199,E-Hawks - Peñoles
8006,The Phantoms
2647,Cyborg Mustangs
9727,Warrior Robotics
9533,Melissa High School
7288,NOMMA D3V1LB0TS
4464,Team Illusion
9467,ÇeViK
7668,GatorBots
8766,The Black Machine
4516,Hyperion
8791,Mighty Patriots
590,Chahta Warriors
7676,THS RoboDogs
9238,Jaybots
1739,Chicago Knights Robotics
7466,Cymurghs
8369,Coyotech Robotics
5728,MC2
9095,Potentia
6804,Team Wolfpack
9473,CYGNUS ROBOTICS
5049,Minerbots
9440,Bolts&Nuts
9675,EQUIPE SESI SÃO LUÍS - COLO...
9213,TECUANI
949,Wolverine Robotics
6904,TeraWatts
7570,New Tech
6988,ACI 35
7167,Spectrum ThunderBots
9019,Ko'olaupoko
9514,Blanson P-TECH/Gryphon Technik
4328,Furious Falcons
5065,Knights #5065
9733,Gold Diggers
9715,International School Manila
6127,BHS Pumatrons
8303,G0LDEN_GAT0RS
8707,The Newark Circuit Breakers
8719,Oakville Dynamics
9277,Sparkans
7318,Nanuet Knightronz
6880,Universal Serial Brawlers (...
9736,Tawas Braves
5239,Harper Woods Steamworks
9786,9786
8112,Cyclotrons
9071,SlicerTech
4925,The Resistance
9561,Dawson Dino Nuggets
7332,Vancouver Puddle Jumpers
7886,Cadet Robotics
9748,Ann Arbor Academy Blue Herons
7662,3RingCircuits
1759,Potatoes
9775,Ravens
6975,Neil McNeil Maroon Machines
3004,Bronx Knights
8800,INDUSTRY ROBOTIC
1528,MTR (Monroe Trojan Robotics)
8615,SAZANKA Robotics
5437,Rocky Balboabots
5857,Walnut Valley Robotics
3243,Amperes
6977,Cyber Squad
8885,Socratic Schematics
8290,Jaegers60 - Peñoles
8896,Wolf Tech Robotics
1566,AMMOKNIGHTS
2895,Blazenbots
6191,RoboKryptonite
9137,Bionic Vipers
6605,Prepa Tecmilenio - Imperiu...
9026,Aero
3029,Mecha Titans
5848,ROBO C3
9759,Ogemaw Heights Robotics
4730,Terminators
2909,Zebra Bots
9313,ROBOhana
5986,┌ Iron Fangs ┐
8737,Rocket Rampage#8737
9651,Ecorse Robo Raiders
6586,Tuskin' Raiders
4295,Hudson Stingers
5027,Event Horizon (5027)
9436,Pointr Giro
3728,Momentum
5564,GRANBOTS
1954,ElectroBunny
6981,Clockwork Concord
5988,Narooma High RoboRebels
9476,BCHS CYBER TIGERS
5070,Gearnotics
8740,Prepa Tecmilenio - Quantum ...
8151,Wildfire
6540,Dynamo
3053,VB Stingers
4459,LeoTechs
8783,Apeiron
5541,Sabers
7810,Eagle Robotics
6240,Eagles of the Knight
9678,VMD Initiative
8844,Flamethrowers
3393,Horns of Havoc
9174,ROBOKIRAC
4384,Benzene Bots
3588,the Talon
4585,Husky Robotics
4360,Spudnik
7597,Team HorsePowered
4179,Tahisco Techs
9409,Caelum
9218,Alpha Technology
7725,PrepaTec - NUTS & VOLTS
6905,Raiders of the ARC- TEAR-A-...
8853,Yukikaze Technology
2408,Shrapnel Sergeants